<?xml version="1.0"?>
<mapcollection>
    <mapdata>
        <slt>Coll.Cent.Dambulla</slt>
        <bank>CPDBCC</bank>
        <acc>20110295.2510.2850</acc>
        <province>CENTRAL</province>
    </mapdata>
    <mapdata>
        <slt>Coll.Cent.Kandy City</slt>
        <bank>CPKYCT</bank>
        <acc>20110194.2510.2850</acc>
        <province>CENTRAL</province>
    </mapdata>
    <mapdata>
        <slt>Billing Cent-Gampola</slt>
        <bank>CPGPBC</bank>
        <acc>20110399.2510.2850</acc>
        <province>CENTRAL</province>
    </mapdata>
    <mapdata>
        <slt>Billing Cent - Kandy</slt>
        <bank>CPKYBC</bank>
        <acc>20110199.2510.2850</acc>
        <province>CENTRAL</province>
    </mapdata>
    <mapdata>
        <slt>Teleshop - kandy</slt>
        <bank>CPKYTS</bank>
        <acc>20110185.2510.2850</acc>
        <province>CENTRAL</province>
    </mapdata>
    <mapdata>
        <slt>Coll.Cent.Katugasthota</slt>
        <bank>CPKSCC</bank>
        <acc>20110185.2510.2850</acc>
        <province>CENTRAL</province>
    </mapdata>
    <mapdata>
        <slt>Billing Cent-Matale</slt>
        <bank>CPMTBC</bank>
        <acc>20110299.2510.2850</acc>
        <province>CENTRAL</province>
    </mapdata>
    <mapdata>
        <slt>BillingCent-Nawalapi</slt>
        <bank>CPNTBC</bank>
        <acc>20110398.2510.2850</acc>
        <province>CENTRAL</province>
    </mapdata>
    <mapdata>
        <slt>Coll.Cent.Peradeniya</slt>
        <bank>CPPNCC</bank>
        <acc>20110395.2510.2850</acc>
        <province>CENTRAL</province>
    </mapdata>
    <mapdata>
        <slt>Coll.Cent.Akkaraipat</slt>
        <bank>EPAKCC</bank>
        <acc>20132195.2510.2850</acc>
        <province>EASTERN</province>
    </mapdata>
    <mapdata>
        <slt>BillingCent-Ampara</slt>
        <bank>EPAPBC</bank>
        <acc>20132099.2510.2850</acc>
        <province>EASTERN</province>
    </mapdata>
    <mapdata>
        <slt>BillingCent-Battical</slt>
        <bank>EPBCBC</bank>
        <acc>20132299.2510.2850</acc>
        <province>EASTERN</province>
    </mapdata>
    <mapdata>
        <slt>BillingCent-Kalmunai</slt>
        <bank>EPKLBC</bank>
        <acc>20132199.2510.2850</acc>
        <province>EASTERN</province>
    </mapdata>
    <mapdata>
        <slt>BillingCent-Trincoma</slt>
        <bank>EPTCBC</bank>
        <acc>20131199.2510.2850</acc>
        <province>EASTERN</province>
    </mapdata>
    <mapdata>
        <slt>BillingCent-A'pura</slt>
        <bank>NCADBC</bank>
        <acc>20112099.2510.2850</acc>
        <province>NORTH CENTRAL</province>
    </mapdata>
    <mapdata>
        <slt>BillingCent-Chillaw</slt>
        <bank>NCCWBC</bank>
        <acc>20112299.2510.2850</acc>
        <province>NORTH CENTRAL</province>
    </mapdata>
    <mapdata>
        <slt>Coll.Cent.Kekirawa</slt>
        <bank>NCKWCC</bank>
        <acc>20112095.2510.2850</acc>
        <province>NORTH CENTRAL</province>
    </mapdata>
    <mapdata>
        <slt>Teleshop-Kuliyapitiy</slt>
        <bank>NCKPTS</bank>
        <acc>20112184.2510.2850</acc>
        <province>NORTH CENTRAL</province>
    </mapdata>
    <mapdata>
        <slt>BillingCent-Kur'gala</slt>
        <bank>NCKGBC</bank>
        <acc>20112199.2510.2850</acc>
        <province>NORTH CENTRAL</province>
    </mapdata>
    <mapdata>
        <slt>Teleshop -Kurunegala</slt>
        <bank>NCKGTS</bank>
        <acc>20112185.2510.2850</acc>
        <province>NORTH CENTRAL</province>
    </mapdata>
    <mapdata>
        <slt>BillingCent-P'naruwa</slt>
        <bank>NCPRBC</bank>
        <acc>20112399.2510.2850</acc>
        <province>NORTH CENTRAL</province>
    </mapdata>
    <mapdata>
        <slt>Coll.Cent.Puttalam</slt>
        <bank>NCPXTS</bank>
        <acc>20112295.2510.2850</acc>
        <province>NORTH CENTRAL</province>
    </mapdata>
    <mapdata>
        <slt>BillingCent-Mannar</slt>
        <bank>NPMBBC</bank>
        <acc>20131099.2510.2850</acc>
        <province>NORTH</province>
    </mapdata>
    <mapdata>
        <slt>Coll.Cent.Point Pedu</slt>
        <bank>NPPTCC</bank>
        <acc>20130194.2510.2850</acc>
        <province>NORTH</province>
    </mapdata>
    <mapdata>
        <slt>BillingCent-Jaffna</slt>
        <bank>NPJABC</bank>
        <acc>20130199.2510.2850</acc>
        <province>NORTH</province>
    </mapdata>
    <mapdata>
        <slt>Teleshop -Jaffna</slt>
        <bank>NPJATS</bank>
        <acc>20130185.2510.2850</acc>
        <province>NORTH</province>
    </mapdata>
    <mapdata>
        <slt>BillingCent-Vavuniya</slt>
        <bank>NPVABC</bank>
        <acc>20131299.2510.2850</acc>
        <province>NORTH</province>
    </mapdata>
    <mapdata>
        <slt>Teleshop -Kilinochchi</slt>
        <bank>NPKOTS</bank>
        <acc>20130184.2510.2850</acc>
        <province>NORTH</province>
    </mapdata>
    <mapdata>
        <slt>BillingCent-Avissawe</slt>
        <bank>SBAWBC</bank>
        <acc>20121099.2510.2850</acc>
        <province>SABARAGAMUWA</province>
    </mapdata>
    <mapdata>
        <slt>BillingCent-Kegalle</slt>
        <bank>SBKEBC</bank>
        <acc>20121199.2510.2850</acc>
        <province>SABARAGAMUWA</province>
    </mapdata>
    <mapdata>
        <slt>Teleshop -Kegalle</slt>
        <bank>SBKETS</bank>
        <acc>20121185.2510.2850</acc>
        <province>SABARAGAMUWA</province>
    </mapdata>
    <mapdata>
        <slt>BillingCent-Rathnapu</slt>
        <bank>SBRNBC</bank>
        <acc>20121299.2510.2850</acc>
        <province>SABARAGAMUWA</province>
    </mapdata>
    <mapdata>
        <slt>Coll.Cent.Akuressa</slt>
        <bank>SPARCC</bank>
        <acc>20122195.2510.2850</acc>
        <province>SOUTHRN</province>
    </mapdata>
    <mapdata>
        <slt>Teleshop -Ambalangod</slt>
        <bank>SPABTS</bank>
        <acc>20122084.2510.2850</acc>
        <province>SOUTHRN</province>
    </mapdata>
    <mapdata>
        <slt>BillingCent-Galle</slt>
        <bank>SPGLBC</bank>
        <acc>20122099.2510.2850</acc>
        <province>SOUTHRN</province>
    </mapdata>
    <mapdata>
        <slt>BillingCent-Hambanto</slt>
        <bank>SPHBBC</bank>
        <acc>20122299.2510.2850</acc>
        <province>SOUTHRN</province>
    </mapdata>
    <mapdata>
        <slt>BillingCent-Matara</slt>
        <bank>SPMHBC</bank>
        <acc>20122199.2510.2850</acc>
        <province>SOUTHRN</province>
    </mapdata>
    <mapdata>
        <slt>Teleshop - Tangalle</slt>
        <bank>SPTGTS</bank>
        <acc>20122285.2510.2850</acc>
        <province>SOUTHRN</province>
    </mapdata>
    <mapdata>
        <slt>Teleshop-Embilipitiy</slt>
        <bank>SPEBTS</bank>
        <acc>20122284.2510.2850</acc>
        <province>SOUTHRN</province>
    </mapdata>
    <mapdata>
        <slt>BillingCent-Badulla</slt>
        <bank>UPBDBC</bank>
        <acc>20123099.2510.2850</acc>
        <province>UVA</province>
    </mapdata>
    <mapdata>
        <slt>BillingCent-Bandaraw</slt>
        <bank>UPBWBC</bank>
        <acc>20123199.2510.2850</acc>
        <province>UVA</province>
    </mapdata>
    <mapdata>
        <slt>BillingCent-Hatton</slt>
        <bank>UPHTBC</bank>
        <acc>20123299.2510.2850</acc>
        <province>UVA</province>
    </mapdata>
    <mapdata>
        <slt>BillingCent-NuwaraEl</slt>
        <bank>UPNWBC</bank>
        <acc>20123399.2510.2850</acc>
        <province>UVA</province>
    </mapdata>
    <mapdata>
        <slt>Teleshop -Monaragala</slt>
        <bank>UPMNTS</bank>
        <acc>20123184.2510.2850</acc>
        <province>UVA</province>
    </mapdata>
    <mapdata>
        <slt>Billing Cent-Gampaha</slt>
        <bank>WNGQBC</bank>
        <acc>20111099.2510.2850</acc>
        <province>WES NORTH</province>
    </mapdata>
    <mapdata>
        <slt>Teleshop - Gampaha</slt>
        <bank>WNGQTS</bank>
        <acc>20111085.2510.2850</acc>
        <province>WES NORTH</province>
    </mapdata>
    <mapdata>
        <slt>Teleshop -Katunayaka</slt>
        <bank>WNKNTS</bank>
        <acc>20111184.2510.2850</acc>
        <province>WES NORTH</province>
    </mapdata>
    <mapdata>
        <slt>CollectCent-Mirigama</slt>
        <bank>WNMICC</bank>
        <acc>20111094.2510.2850</acc>
        <province>WES NORTH</province>
    </mapdata>
    <mapdata>
        <slt>BillingCent-Negombo</slt>
        <bank>WNNGBC</bank>
        <acc>20111199.2510.2850</acc>
        <province>WES NORTH</province>
    </mapdata>
    <mapdata>
        <slt>Teleshop - Negombo</slt>
        <bank>WNNGTS</bank>
        <acc>20111185.2510.2850</acc>
        <province>WES NORTH</province>
    </mapdata>
    <mapdata>
        <slt>Teleshop -Nittambuwa</slt>
        <bank>WNNBTS</bank>
        <acc>20111084.2510.2850</acc>
        <province>WES NORTH</province>
    </mapdata>
    <mapdata>
        <slt>Teleshop -Wennappuwa</slt>
        <bank>WNWPTS</bank>
        <acc>20111183.2510.2850</acc>
        <province>WES NORTH</province>
    </mapdata>
    <mapdata>
        <slt>Coll.Cent.Veyangoda</slt>
        <bank>WNWACC</bank>
        <acc>20111095.2510.2850</acc>
        <province>WES NORTH</province>
    </mapdata>
    <mapdata>
        <slt>Coll.Cent.Bandaragam</slt>
        <bank>WSBGCC</bank>
        <acc>20120295.2510.2850</acc>
        <province>WES SOUTH</province>
    </mapdata>
    <mapdata>
        <slt>Teleshop -Beruwala</slt>
        <bank>WSBRTS</bank>
        <acc>20120184.2510.2850</acc>
        <province>WES SOUTH</province>
    </mapdata>
    <mapdata>
        <slt>Teleshop -Horana</slt>
        <bank>WSHRTS</bank>
        <acc>20120285.2510.2850</acc>
        <province>WES SOUTH</province>
    </mapdata>
    <mapdata>
        <slt>BillingCent-Kalutara</slt>
        <bank>WSKTBC</bank>
        <acc>20120199.2510.2850</acc>
        <province>WES SOUTH</province>
    </mapdata>
    <mapdata>
        <slt>Coll.Cent.Matugama</slt>
        <bank>WSMRCC</bank>
        <acc>20120195.2510.2850</acc>
        <province>WES SOUTH</province>
    </mapdata>
    <mapdata>
        <slt>BillingCent-Panadura</slt>
        <bank>WSPHBC</bank>
        <acc>20120299.2510.2850</acc>
        <province>WES SOUTH</province>
    </mapdata>
    <mapdata>
        <slt>TrainingCen-Welisara</slt>
        <bank>MNWSTC</bank>
        <acc>85210100.2510.2850</acc>
        <province>METRO</province>
    </mapdata>
    <mapdata>
        <slt>TrainingCe-Moratuwa</slt>
        <bank>MSMOTC</bank>
        <acc>85210500.2510.2850</acc>
        <province>METRO</province>
    </mapdata>
</mapcollection>

		
